<?xml version="1.0" encoding="UTF-8"?>
<depth_maps version="1.5.0">
  <depth_map camera_id="0" level="0" path="0/d0.exr">
    <calibration type="frame">
      <resolution width="1920" height="1080"/>
      <f>4017.3171712941812</f>
    </calibration>
  </depth_map>
  <depth_map camera_id="0" level="1" path="1/d0.exr">
    <calibration type="frame">
      <resolution width="960" height="540"/>
      <f>2008.6585856470906</f>
    </calibration>
  </depth_map>
  <depth_map camera_id="0" level="2" path="2/d0.exr">
    <calibration type="frame">
      <resolution width="480" height="270"/>
      <f>1004.3292928235453</f>
    </calibration>
  </depth_map>
  <depth_map camera_id="0" level="3" path="3/d0.exr">
    <calibration type="frame">
      <resolution width="240" height="135"/>
      <f>502.16464641177265</f>
    </calibration>
  </depth_map>
  <depth_map camera_id="0" level="4" path="4/d0.exr">
    <calibration type="frame">
      <resolution width="120" height="68"/>
      <f>251.08232320588633</f>
      <cy>-0.25</cy>
    </calibration>
  </depth_map>
  <depth_map camera_id="1" level="0" path="0/d1.exr">
    <calibration type="frame">
      <resolution width="1920" height="1080"/>
      <f>4017.3171712941812</f>
    </calibration>
  </depth_map>
  <depth_map camera_id="1" level="1" path="1/d1.exr">
    <calibration type="frame">
      <resolution width="960" height="540"/>
      <f>2008.6585856470906</f>
    </calibration>
  </depth_map>
  <depth_map camera_id="1" level="2" path="2/d1.exr">
    <calibration type="frame">
      <resolution width="480" height="270"/>
      <f>1004.3292928235453</f>
    </calibration>
  </depth_map>
  <depth_map camera_id="1" level="3" path="3/d1.exr">
    <calibration type="frame">
      <resolution width="240" height="135"/>
      <f>502.16464641177265</f>
    </calibration>
  </depth_map>
  <depth_map camera_id="1" level="4" path="4/d1.exr">
    <calibration type="frame">
      <resolution width="120" height="68"/>
      <f>251.08232320588633</f>
      <cy>-0.25</cy>
    </calibration>
  </depth_map>
  <depth_map camera_id="2" level="0" path="0/d2.exr">
    <calibration type="frame">
      <resolution width="1920" height="1080"/>
      <f>4017.3171712941812</f>
    </calibration>
  </depth_map>
  <depth_map camera_id="2" level="1" path="1/d2.exr">
    <calibration type="frame">
      <resolution width="960" height="540"/>
      <f>2008.6585856470906</f>
    </calibration>
  </depth_map>
  <depth_map camera_id="2" level="2" path="2/d2.exr">
    <calibration type="frame">
      <resolution width="480" height="270"/>
      <f>1004.3292928235453</f>
    </calibration>
  </depth_map>
  <depth_map camera_id="2" level="3" path="3/d2.exr">
    <calibration type="frame">
      <resolution width="240" height="135"/>
      <f>502.16464641177265</f>
    </calibration>
  </depth_map>
  <depth_map camera_id="2" level="4" path="4/d2.exr">
    <calibration type="frame">
      <resolution width="120" height="68"/>
      <f>251.08232320588633</f>
      <cy>-0.25</cy>
    </calibration>
  </depth_map>
  <depth_map camera_id="6" level="0" path="0/d6.exr">
    <calibration type="frame">
      <resolution width="1920" height="1080"/>
      <f>4017.3171712941812</f>
    </calibration>
  </depth_map>
  <depth_map camera_id="6" level="1" path="1/d6.exr">
    <calibration type="frame">
      <resolution width="960" height="540"/>
      <f>2008.6585856470906</f>
    </calibration>
  </depth_map>
  <depth_map camera_id="6" level="2" path="2/d6.exr">
    <calibration type="frame">
      <resolution width="480" height="270"/>
      <f>1004.3292928235453</f>
    </calibration>
  </depth_map>
  <depth_map camera_id="6" level="3" path="3/d6.exr">
    <calibration type="frame">
      <resolution width="240" height="135"/>
      <f>502.16464641177265</f>
    </calibration>
  </depth_map>
  <depth_map camera_id="6" level="4" path="4/d6.exr">
    <calibration type="frame">
      <resolution width="120" height="68"/>
      <f>251.08232320588633</f>
      <cy>-0.25</cy>
    </calibration>
  </depth_map>
  <depth_map camera_id="7" level="0" path="0/d7.exr">
    <calibration type="frame">
      <resolution width="1920" height="1080"/>
      <f>4017.3171712941812</f>
    </calibration>
  </depth_map>
  <depth_map camera_id="7" level="1" path="1/d7.exr">
    <calibration type="frame">
      <resolution width="960" height="540"/>
      <f>2008.6585856470906</f>
    </calibration>
  </depth_map>
  <depth_map camera_id="7" level="2" path="2/d7.exr">
    <calibration type="frame">
      <resolution width="480" height="270"/>
      <f>1004.3292928235453</f>
    </calibration>
  </depth_map>
  <depth_map camera_id="7" level="3" path="3/d7.exr">
    <calibration type="frame">
      <resolution width="240" height="135"/>
      <f>502.16464641177265</f>
    </calibration>
  </depth_map>
  <depth_map camera_id="7" level="4" path="4/d7.exr">
    <calibration type="frame">
      <resolution width="120" height="68"/>
      <f>251.08232320588633</f>
      <cy>-0.25</cy>
    </calibration>
  </depth_map>
  <depth_map camera_id="8" level="0" path="0/d8.exr">
    <calibration type="frame">
      <resolution width="1920" height="1080"/>
      <f>4017.3171712941812</f>
    </calibration>
  </depth_map>
  <depth_map camera_id="8" level="1" path="1/d8.exr">
    <calibration type="frame">
      <resolution width="960" height="540"/>
      <f>2008.6585856470906</f>
    </calibration>
  </depth_map>
  <depth_map camera_id="8" level="2" path="2/d8.exr">
    <calibration type="frame">
      <resolution width="480" height="270"/>
      <f>1004.3292928235453</f>
    </calibration>
  </depth_map>
  <depth_map camera_id="8" level="3" path="3/d8.exr">
    <calibration type="frame">
      <resolution width="240" height="135"/>
      <f>502.16464641177265</f>
    </calibration>
  </depth_map>
  <depth_map camera_id="8" level="4" path="4/d8.exr">
    <calibration type="frame">
      <resolution width="120" height="68"/>
      <f>251.08232320588633</f>
      <cy>-0.25</cy>
    </calibration>
  </depth_map>
  <depth_map camera_id="9" level="0" path="0/d9.exr">
    <calibration type="frame">
      <resolution width="1920" height="1080"/>
      <f>4017.3171712941812</f>
    </calibration>
  </depth_map>
  <depth_map camera_id="9" level="1" path="1/d9.exr">
    <calibration type="frame">
      <resolution width="960" height="540"/>
      <f>2008.6585856470906</f>
    </calibration>
  </depth_map>
  <depth_map camera_id="9" level="2" path="2/d9.exr">
    <calibration type="frame">
      <resolution width="480" height="270"/>
      <f>1004.3292928235453</f>
    </calibration>
  </depth_map>
  <depth_map camera_id="9" level="3" path="3/d9.exr">
    <calibration type="frame">
      <resolution width="240" height="135"/>
      <f>502.16464641177265</f>
    </calibration>
  </depth_map>
  <depth_map camera_id="9" level="4" path="4/d9.exr">
    <calibration type="frame">
      <resolution width="120" height="68"/>
      <f>251.08232320588633</f>
      <cy>-0.25</cy>
    </calibration>
  </depth_map>
  <depth_map camera_id="10" level="0" path="0/d10.exr">
    <calibration type="frame">
      <resolution width="1920" height="1080"/>
      <f>4017.3171712941812</f>
    </calibration>
  </depth_map>
  <depth_map camera_id="10" level="1" path="1/d10.exr">
    <calibration type="frame">
      <resolution width="960" height="540"/>
      <f>2008.6585856470906</f>
    </calibration>
  </depth_map>
  <depth_map camera_id="10" level="2" path="2/d10.exr">
    <calibration type="frame">
      <resolution width="480" height="270"/>
      <f>1004.3292928235453</f>
    </calibration>
  </depth_map>
  <depth_map camera_id="10" level="3" path="3/d10.exr">
    <calibration type="frame">
      <resolution width="240" height="135"/>
      <f>502.16464641177265</f>
    </calibration>
  </depth_map>
  <depth_map camera_id="10" level="4" path="4/d10.exr">
    <calibration type="frame">
      <resolution width="120" height="68"/>
      <f>251.08232320588633</f>
      <cy>-0.25</cy>
    </calibration>
  </depth_map>
  <depth_map camera_id="11" level="0" path="0/d11.exr">
    <calibration type="frame">
      <resolution width="1920" height="1080"/>
      <f>4017.3171712941812</f>
    </calibration>
  </depth_map>
  <depth_map camera_id="11" level="1" path="1/d11.exr">
    <calibration type="frame">
      <resolution width="960" height="540"/>
      <f>2008.6585856470906</f>
    </calibration>
  </depth_map>
  <depth_map camera_id="11" level="2" path="2/d11.exr">
    <calibration type="frame">
      <resolution width="480" height="270"/>
      <f>1004.3292928235453</f>
    </calibration>
  </depth_map>
  <depth_map camera_id="11" level="3" path="3/d11.exr">
    <calibration type="frame">
      <resolution width="240" height="135"/>
      <f>502.16464641177265</f>
    </calibration>
  </depth_map>
  <depth_map camera_id="11" level="4" path="4/d11.exr">
    <calibration type="frame">
      <resolution width="120" height="68"/>
      <f>251.08232320588633</f>
      <cy>-0.25</cy>
    </calibration>
  </depth_map>
  <depth_map camera_id="12" level="0" path="0/d12.exr">
    <calibration type="frame">
      <resolution width="1920" height="1080"/>
      <f>4017.3171712941812</f>
    </calibration>
  </depth_map>
  <depth_map camera_id="12" level="1" path="1/d12.exr">
    <calibration type="frame">
      <resolution width="960" height="540"/>
      <f>2008.6585856470906</f>
    </calibration>
  </depth_map>
  <depth_map camera_id="12" level="2" path="2/d12.exr">
    <calibration type="frame">
      <resolution width="480" height="270"/>
      <f>1004.3292928235453</f>
    </calibration>
  </depth_map>
  <depth_map camera_id="12" level="3" path="3/d12.exr">
    <calibration type="frame">
      <resolution width="240" height="135"/>
      <f>502.16464641177265</f>
    </calibration>
  </depth_map>
  <depth_map camera_id="12" level="4" path="4/d12.exr">
    <calibration type="frame">
      <resolution width="120" height="68"/>
      <f>251.08232320588633</f>
      <cy>-0.25</cy>
    </calibration>
  </depth_map>
  <depth_map camera_id="14" level="0" path="0/d14.exr">
    <calibration type="frame">
      <resolution width="1920" height="1080"/>
      <f>4017.3171712941812</f>
    </calibration>
  </depth_map>
  <depth_map camera_id="14" level="1" path="1/d14.exr">
    <calibration type="frame">
      <resolution width="960" height="540"/>
      <f>2008.6585856470906</f>
    </calibration>
  </depth_map>
  <depth_map camera_id="14" level="2" path="2/d14.exr">
    <calibration type="frame">
      <resolution width="480" height="270"/>
      <f>1004.3292928235453</f>
    </calibration>
  </depth_map>
  <depth_map camera_id="14" level="3" path="3/d14.exr">
    <calibration type="frame">
      <resolution width="240" height="135"/>
      <f>502.16464641177265</f>
    </calibration>
  </depth_map>
  <depth_map camera_id="14" level="4" path="4/d14.exr">
    <calibration type="frame">
      <resolution width="120" height="68"/>
      <f>251.08232320588633</f>
      <cy>-0.25</cy>
    </calibration>
  </depth_map>
  <depth_map camera_id="15" level="0" path="0/d15.exr">
    <calibration type="frame">
      <resolution width="1920" height="1080"/>
      <f>4017.3171712941812</f>
    </calibration>
  </depth_map>
  <depth_map camera_id="15" level="1" path="1/d15.exr">
    <calibration type="frame">
      <resolution width="960" height="540"/>
      <f>2008.6585856470906</f>
    </calibration>
  </depth_map>
  <depth_map camera_id="15" level="2" path="2/d15.exr">
    <calibration type="frame">
      <resolution width="480" height="270"/>
      <f>1004.3292928235453</f>
    </calibration>
  </depth_map>
  <depth_map camera_id="15" level="3" path="3/d15.exr">
    <calibration type="frame">
      <resolution width="240" height="135"/>
      <f>502.16464641177265</f>
    </calibration>
  </depth_map>
  <depth_map camera_id="15" level="4" path="4/d15.exr">
    <calibration type="frame">
      <resolution width="120" height="68"/>
      <f>251.08232320588633</f>
      <cy>-0.25</cy>
    </calibration>
  </depth_map>
  <depth_map camera_id="16" level="0" path="0/d16.exr">
    <calibration type="frame">
      <resolution width="1920" height="1080"/>
      <f>4017.3171712941812</f>
    </calibration>
  </depth_map>
  <depth_map camera_id="16" level="1" path="1/d16.exr">
    <calibration type="frame">
      <resolution width="960" height="540"/>
      <f>2008.6585856470906</f>
    </calibration>
  </depth_map>
  <depth_map camera_id="16" level="2" path="2/d16.exr">
    <calibration type="frame">
      <resolution width="480" height="270"/>
      <f>1004.3292928235453</f>
    </calibration>
  </depth_map>
  <depth_map camera_id="16" level="3" path="3/d16.exr">
    <calibration type="frame">
      <resolution width="240" height="135"/>
      <f>502.16464641177265</f>
    </calibration>
  </depth_map>
  <depth_map camera_id="16" level="4" path="4/d16.exr">
    <calibration type="frame">
      <resolution width="120" height="68"/>
      <f>251.08232320588633</f>
      <cy>-0.25</cy>
    </calibration>
  </depth_map>
  <depth_map camera_id="17" level="0" path="0/d17.exr">
    <calibration type="frame">
      <resolution width="1920" height="1080"/>
      <f>4017.3171712941812</f>
    </calibration>
  </depth_map>
  <depth_map camera_id="17" level="1" path="1/d17.exr">
    <calibration type="frame">
      <resolution width="960" height="540"/>
      <f>2008.6585856470906</f>
    </calibration>
  </depth_map>
  <depth_map camera_id="17" level="2" path="2/d17.exr">
    <calibration type="frame">
      <resolution width="480" height="270"/>
      <f>1004.3292928235453</f>
    </calibration>
  </depth_map>
  <depth_map camera_id="17" level="3" path="3/d17.exr">
    <calibration type="frame">
      <resolution width="240" height="135"/>
      <f>502.16464641177265</f>
    </calibration>
  </depth_map>
  <depth_map camera_id="17" level="4" path="4/d17.exr">
    <calibration type="frame">
      <resolution width="120" height="68"/>
      <f>251.08232320588633</f>
      <cy>-0.25</cy>
    </calibration>
  </depth_map>
  <depth_map camera_id="18" level="0" path="0/d18.exr">
    <calibration type="frame">
      <resolution width="1920" height="1080"/>
      <f>4017.3171712941812</f>
    </calibration>
  </depth_map>
  <depth_map camera_id="18" level="1" path="1/d18.exr">
    <calibration type="frame">
      <resolution width="960" height="540"/>
      <f>2008.6585856470906</f>
    </calibration>
  </depth_map>
  <depth_map camera_id="18" level="2" path="2/d18.exr">
    <calibration type="frame">
      <resolution width="480" height="270"/>
      <f>1004.3292928235453</f>
    </calibration>
  </depth_map>
  <depth_map camera_id="18" level="3" path="3/d18.exr">
    <calibration type="frame">
      <resolution width="240" height="135"/>
      <f>502.16464641177265</f>
    </calibration>
  </depth_map>
  <depth_map camera_id="18" level="4" path="4/d18.exr">
    <calibration type="frame">
      <resolution width="120" height="68"/>
      <f>251.08232320588633</f>
      <cy>-0.25</cy>
    </calibration>
  </depth_map>
  <depth_map camera_id="19" level="0" path="0/d19.exr">
    <calibration type="frame">
      <resolution width="1920" height="1080"/>
      <f>4017.3171712941812</f>
    </calibration>
  </depth_map>
  <depth_map camera_id="19" level="1" path="1/d19.exr">
    <calibration type="frame">
      <resolution width="960" height="540"/>
      <f>2008.6585856470906</f>
    </calibration>
  </depth_map>
  <depth_map camera_id="19" level="2" path="2/d19.exr">
    <calibration type="frame">
      <resolution width="480" height="270"/>
      <f>1004.3292928235453</f>
    </calibration>
  </depth_map>
  <depth_map camera_id="19" level="3" path="3/d19.exr">
    <calibration type="frame">
      <resolution width="240" height="135"/>
      <f>502.16464641177265</f>
    </calibration>
  </depth_map>
  <depth_map camera_id="19" level="4" path="4/d19.exr">
    <calibration type="frame">
      <resolution width="120" height="68"/>
      <f>251.08232320588633</f>
      <cy>-0.25</cy>
    </calibration>
  </depth_map>
  <depth_map camera_id="21" level="0" path="0/d21.exr">
    <calibration type="frame">
      <resolution width="1920" height="1080"/>
      <f>4017.3171712941812</f>
    </calibration>
  </depth_map>
  <depth_map camera_id="21" level="1" path="1/d21.exr">
    <calibration type="frame">
      <resolution width="960" height="540"/>
      <f>2008.6585856470906</f>
    </calibration>
  </depth_map>
  <depth_map camera_id="21" level="2" path="2/d21.exr">
    <calibration type="frame">
      <resolution width="480" height="270"/>
      <f>1004.3292928235453</f>
    </calibration>
  </depth_map>
  <depth_map camera_id="21" level="3" path="3/d21.exr">
    <calibration type="frame">
      <resolution width="240" height="135"/>
      <f>502.16464641177265</f>
    </calibration>
  </depth_map>
  <depth_map camera_id="21" level="4" path="4/d21.exr">
    <calibration type="frame">
      <resolution width="120" height="68"/>
      <f>251.08232320588633</f>
      <cy>-0.25</cy>
    </calibration>
  </depth_map>
  <depth_map camera_id="22" level="0" path="0/d22.exr">
    <calibration type="frame">
      <resolution width="1920" height="1080"/>
      <f>4017.3171712941812</f>
    </calibration>
  </depth_map>
  <depth_map camera_id="22" level="1" path="1/d22.exr">
    <calibration type="frame">
      <resolution width="960" height="540"/>
      <f>2008.6585856470906</f>
    </calibration>
  </depth_map>
  <depth_map camera_id="22" level="2" path="2/d22.exr">
    <calibration type="frame">
      <resolution width="480" height="270"/>
      <f>1004.3292928235453</f>
    </calibration>
  </depth_map>
  <depth_map camera_id="22" level="3" path="3/d22.exr">
    <calibration type="frame">
      <resolution width="240" height="135"/>
      <f>502.16464641177265</f>
    </calibration>
  </depth_map>
  <depth_map camera_id="22" level="4" path="4/d22.exr">
    <calibration type="frame">
      <resolution width="120" height="68"/>
      <f>251.08232320588633</f>
      <cy>-0.25</cy>
    </calibration>
  </depth_map>
  <depth_map camera_id="23" level="0" path="0/d23.exr">
    <calibration type="frame">
      <resolution width="1920" height="1080"/>
      <f>4017.3171712941812</f>
    </calibration>
  </depth_map>
  <depth_map camera_id="23" level="1" path="1/d23.exr">
    <calibration type="frame">
      <resolution width="960" height="540"/>
      <f>2008.6585856470906</f>
    </calibration>
  </depth_map>
  <depth_map camera_id="23" level="2" path="2/d23.exr">
    <calibration type="frame">
      <resolution width="480" height="270"/>
      <f>1004.3292928235453</f>
    </calibration>
  </depth_map>
  <depth_map camera_id="23" level="3" path="3/d23.exr">
    <calibration type="frame">
      <resolution width="240" height="135"/>
      <f>502.16464641177265</f>
    </calibration>
  </depth_map>
  <depth_map camera_id="23" level="4" path="4/d23.exr">
    <calibration type="frame">
      <resolution width="120" height="68"/>
      <f>251.08232320588633</f>
      <cy>-0.25</cy>
    </calibration>
  </depth_map>
  <depth_map camera_id="24" level="0" path="0/d24.exr">
    <calibration type="frame">
      <resolution width="1920" height="1080"/>
      <f>4017.3171712941812</f>
    </calibration>
  </depth_map>
  <depth_map camera_id="24" level="1" path="1/d24.exr">
    <calibration type="frame">
      <resolution width="960" height="540"/>
      <f>2008.6585856470906</f>
    </calibration>
  </depth_map>
  <depth_map camera_id="24" level="2" path="2/d24.exr">
    <calibration type="frame">
      <resolution width="480" height="270"/>
      <f>1004.3292928235453</f>
    </calibration>
  </depth_map>
  <depth_map camera_id="24" level="3" path="3/d24.exr">
    <calibration type="frame">
      <resolution width="240" height="135"/>
      <f>502.16464641177265</f>
    </calibration>
  </depth_map>
  <depth_map camera_id="24" level="4" path="4/d24.exr">
    <calibration type="frame">
      <resolution width="120" height="68"/>
      <f>251.08232320588633</f>
      <cy>-0.25</cy>
    </calibration>
  </depth_map>
  <depth_map camera_id="25" level="0" path="0/d25.exr">
    <calibration type="frame">
      <resolution width="1920" height="1080"/>
      <f>4017.3171712941812</f>
    </calibration>
  </depth_map>
  <depth_map camera_id="25" level="1" path="1/d25.exr">
    <calibration type="frame">
      <resolution width="960" height="540"/>
      <f>2008.6585856470906</f>
    </calibration>
  </depth_map>
  <depth_map camera_id="25" level="2" path="2/d25.exr">
    <calibration type="frame">
      <resolution width="480" height="270"/>
      <f>1004.3292928235453</f>
    </calibration>
  </depth_map>
  <depth_map camera_id="25" level="3" path="3/d25.exr">
    <calibration type="frame">
      <resolution width="240" height="135"/>
      <f>502.16464641177265</f>
    </calibration>
  </depth_map>
  <depth_map camera_id="25" level="4" path="4/d25.exr">
    <calibration type="frame">
      <resolution width="120" height="68"/>
      <f>251.08232320588633</f>
      <cy>-0.25</cy>
    </calibration>
  </depth_map>
  <depth_map camera_id="26" level="0" path="0/d26.exr">
    <calibration type="frame">
      <resolution width="1920" height="1080"/>
      <f>4017.3171712941812</f>
    </calibration>
  </depth_map>
  <depth_map camera_id="26" level="1" path="1/d26.exr">
    <calibration type="frame">
      <resolution width="960" height="540"/>
      <f>2008.6585856470906</f>
    </calibration>
  </depth_map>
  <depth_map camera_id="26" level="2" path="2/d26.exr">
    <calibration type="frame">
      <resolution width="480" height="270"/>
      <f>1004.3292928235453</f>
    </calibration>
  </depth_map>
  <depth_map camera_id="26" level="3" path="3/d26.exr">
    <calibration type="frame">
      <resolution width="240" height="135"/>
      <f>502.16464641177265</f>
    </calibration>
  </depth_map>
  <depth_map camera_id="26" level="4" path="4/d26.exr">
    <calibration type="frame">
      <resolution width="120" height="68"/>
      <f>251.08232320588633</f>
      <cy>-0.25</cy>
    </calibration>
  </depth_map>
  <depth_map camera_id="27" level="0" path="0/d27.exr">
    <calibration type="frame">
      <resolution width="1920" height="1080"/>
      <f>4017.3171712941812</f>
    </calibration>
  </depth_map>
  <depth_map camera_id="27" level="1" path="1/d27.exr">
    <calibration type="frame">
      <resolution width="960" height="540"/>
      <f>2008.6585856470906</f>
    </calibration>
  </depth_map>
  <depth_map camera_id="27" level="2" path="2/d27.exr">
    <calibration type="frame">
      <resolution width="480" height="270"/>
      <f>1004.3292928235453</f>
    </calibration>
  </depth_map>
  <depth_map camera_id="27" level="3" path="3/d27.exr">
    <calibration type="frame">
      <resolution width="240" height="135"/>
      <f>502.16464641177265</f>
    </calibration>
  </depth_map>
  <depth_map camera_id="27" level="4" path="4/d27.exr">
    <calibration type="frame">
      <resolution width="120" height="68"/>
      <f>251.08232320588633</f>
      <cy>-0.25</cy>
    </calibration>
  </depth_map>
  <depth_map camera_id="28" level="0" path="0/d28.exr">
    <calibration type="frame">
      <resolution width="1920" height="1080"/>
      <f>4017.3171712941812</f>
    </calibration>
  </depth_map>
  <depth_map camera_id="28" level="1" path="1/d28.exr">
    <calibration type="frame">
      <resolution width="960" height="540"/>
      <f>2008.6585856470906</f>
    </calibration>
  </depth_map>
  <depth_map camera_id="28" level="2" path="2/d28.exr">
    <calibration type="frame">
      <resolution width="480" height="270"/>
      <f>1004.3292928235453</f>
    </calibration>
  </depth_map>
  <depth_map camera_id="28" level="3" path="3/d28.exr">
    <calibration type="frame">
      <resolution width="240" height="135"/>
      <f>502.16464641177265</f>
    </calibration>
  </depth_map>
  <depth_map camera_id="28" level="4" path="4/d28.exr">
    <calibration type="frame">
      <resolution width="120" height="68"/>
      <f>251.08232320588633</f>
      <cy>-0.25</cy>
    </calibration>
  </depth_map>
  <depth_map camera_id="29" level="0" path="0/d29.exr">
    <calibration type="frame">
      <resolution width="1920" height="1080"/>
      <f>4017.3171712941812</f>
    </calibration>
  </depth_map>
  <depth_map camera_id="29" level="1" path="1/d29.exr">
    <calibration type="frame">
      <resolution width="960" height="540"/>
      <f>2008.6585856470906</f>
    </calibration>
  </depth_map>
  <depth_map camera_id="29" level="2" path="2/d29.exr">
    <calibration type="frame">
      <resolution width="480" height="270"/>
      <f>1004.3292928235453</f>
    </calibration>
  </depth_map>
  <depth_map camera_id="29" level="3" path="3/d29.exr">
    <calibration type="frame">
      <resolution width="240" height="135"/>
      <f>502.16464641177265</f>
    </calibration>
  </depth_map>
  <depth_map camera_id="29" level="4" path="4/d29.exr">
    <calibration type="frame">
      <resolution width="120" height="68"/>
      <f>251.08232320588633</f>
      <cy>-0.25</cy>
    </calibration>
  </depth_map>
  <depth_map camera_id="30" level="0" path="0/d30.exr">
    <calibration type="frame">
      <resolution width="1920" height="1080"/>
      <f>4017.3171712941812</f>
    </calibration>
  </depth_map>
  <depth_map camera_id="30" level="1" path="1/d30.exr">
    <calibration type="frame">
      <resolution width="960" height="540"/>
      <f>2008.6585856470906</f>
    </calibration>
  </depth_map>
  <depth_map camera_id="30" level="2" path="2/d30.exr">
    <calibration type="frame">
      <resolution width="480" height="270"/>
      <f>1004.3292928235453</f>
    </calibration>
  </depth_map>
  <depth_map camera_id="30" level="3" path="3/d30.exr">
    <calibration type="frame">
      <resolution width="240" height="135"/>
      <f>502.16464641177265</f>
    </calibration>
  </depth_map>
  <depth_map camera_id="30" level="4" path="4/d30.exr">
    <calibration type="frame">
      <resolution width="120" height="68"/>
      <f>251.08232320588633</f>
      <cy>-0.25</cy>
    </calibration>
  </depth_map>
  <depth_map camera_id="31" level="0" path="0/d31.exr">
    <calibration type="frame">
      <resolution width="1920" height="1080"/>
      <f>4017.3171712941812</f>
    </calibration>
  </depth_map>
  <depth_map camera_id="31" level="1" path="1/d31.exr">
    <calibration type="frame">
      <resolution width="960" height="540"/>
      <f>2008.6585856470906</f>
    </calibration>
  </depth_map>
  <depth_map camera_id="31" level="2" path="2/d31.exr">
    <calibration type="frame">
      <resolution width="480" height="270"/>
      <f>1004.3292928235453</f>
    </calibration>
  </depth_map>
  <depth_map camera_id="31" level="3" path="3/d31.exr">
    <calibration type="frame">
      <resolution width="240" height="135"/>
      <f>502.16464641177265</f>
    </calibration>
  </depth_map>
  <depth_map camera_id="31" level="4" path="4/d31.exr">
    <calibration type="frame">
      <resolution width="120" height="68"/>
      <f>251.08232320588633</f>
      <cy>-0.25</cy>
    </calibration>
  </depth_map>
</depth_maps>
