<?xml version="1.0" encoding="UTF-8"?>
<frame version="1.2.0">
  <cameras>
    <camera camera_id="0">
      <photo path="G:/Projets/2021/hazel/00-1.jpg">
        <meta>
          <property name="File/ImageHeight" value="1080"/>
          <property name="File/ImageWidth" value="1920"/>
          <property name="System/FileModifyDate" value="2021:02:06 16:43:34"/>
          <property name="System/FileSize" value="964261"/>
        </meta>
      </photo>
    </camera>
    <camera camera_id="1">
      <photo path="G:/Projets/2021/hazel/00-2.jpg">
        <meta>
          <property name="File/ImageHeight" value="1080"/>
          <property name="File/ImageWidth" value="1920"/>
          <property name="System/FileModifyDate" value="2021:02:06 16:43:43"/>
          <property name="System/FileSize" value="964119"/>
        </meta>
      </photo>
    </camera>
    <camera camera_id="2">
      <photo path="G:/Projets/2021/hazel/00-3.jpg">
        <meta>
          <property name="File/ImageHeight" value="1080"/>
          <property name="File/ImageWidth" value="1920"/>
          <property name="System/FileModifyDate" value="2021:02:06 16:44:14"/>
          <property name="System/FileSize" value="941345"/>
        </meta>
      </photo>
    </camera>
    <camera camera_id="3">
      <photo path="G:/Projets/2021/hazel/00-4.jpg">
        <meta>
          <property name="File/ImageHeight" value="1080"/>
          <property name="File/ImageWidth" value="1920"/>
          <property name="System/FileModifyDate" value="2021:02:06 16:44:19"/>
          <property name="System/FileSize" value="913347"/>
        </meta>
      </photo>
    </camera>
    <camera camera_id="4">
      <photo path="G:/Projets/2021/hazel/00-5.jpg">
        <meta>
          <property name="File/ImageHeight" value="1080"/>
          <property name="File/ImageWidth" value="1920"/>
          <property name="System/FileModifyDate" value="2021:02:06 16:44:24"/>
          <property name="System/FileSize" value="923985"/>
        </meta>
      </photo>
    </camera>
    <camera camera_id="5">
      <photo path="G:/Projets/2021/hazel/00-6.jpg">
        <meta>
          <property name="File/ImageHeight" value="1080"/>
          <property name="File/ImageWidth" value="1920"/>
          <property name="System/FileModifyDate" value="2021:02:06 16:44:29"/>
          <property name="System/FileSize" value="934643"/>
        </meta>
      </photo>
    </camera>
    <camera camera_id="6">
      <photo path="G:/Projets/2021/hazel/00-7.jpg">
        <meta>
          <property name="File/ImageHeight" value="1080"/>
          <property name="File/ImageWidth" value="1920"/>
          <property name="System/FileModifyDate" value="2021:02:06 16:44:33"/>
          <property name="System/FileSize" value="963642"/>
        </meta>
      </photo>
    </camera>
    <camera camera_id="7">
      <photo path="G:/Projets/2021/hazel/00-8.jpg">
        <meta>
          <property name="File/ImageHeight" value="1080"/>
          <property name="File/ImageWidth" value="1920"/>
          <property name="System/FileModifyDate" value="2021:02:06 16:44:36"/>
          <property name="System/FileSize" value="980124"/>
        </meta>
      </photo>
    </camera>
    <camera camera_id="8">
      <photo path="G:/Projets/2021/hazel/00-9.jpg">
        <meta>
          <property name="File/ImageHeight" value="1080"/>
          <property name="File/ImageWidth" value="1920"/>
          <property name="System/FileModifyDate" value="2021:02:06 16:44:40"/>
          <property name="System/FileSize" value="975713"/>
        </meta>
      </photo>
    </camera>
    <camera camera_id="9">
      <photo path="G:/Projets/2021/hazel/00-10.jpg">
        <meta>
          <property name="File/ImageHeight" value="1080"/>
          <property name="File/ImageWidth" value="1920"/>
          <property name="System/FileModifyDate" value="2021:02:06 16:44:45"/>
          <property name="System/FileSize" value="983564"/>
        </meta>
      </photo>
    </camera>
    <camera camera_id="10">
      <photo path="G:/Projets/2021/hazel/00-11.jpg">
        <meta>
          <property name="File/ImageHeight" value="1080"/>
          <property name="File/ImageWidth" value="1920"/>
          <property name="System/FileModifyDate" value="2021:02:06 16:44:50"/>
          <property name="System/FileSize" value="972059"/>
        </meta>
      </photo>
    </camera>
    <camera camera_id="11">
      <photo path="G:/Projets/2021/hazel/00-12.jpg">
        <meta>
          <property name="File/ImageHeight" value="1080"/>
          <property name="File/ImageWidth" value="1920"/>
          <property name="System/FileModifyDate" value="2021:02:06 16:44:53"/>
          <property name="System/FileSize" value="940896"/>
        </meta>
      </photo>
    </camera>
    <camera camera_id="12">
      <photo path="G:/Projets/2021/hazel/00-13.jpg">
        <meta>
          <property name="File/ImageHeight" value="1080"/>
          <property name="File/ImageWidth" value="1920"/>
          <property name="System/FileModifyDate" value="2021:02:06 16:44:57"/>
          <property name="System/FileSize" value="920298"/>
        </meta>
      </photo>
    </camera>
    <camera camera_id="14">
      <photo path="G:/Projets/2021/hazel/00-14.jpg">
        <meta>
          <property name="File/ImageHeight" value="1080"/>
          <property name="File/ImageWidth" value="1920"/>
          <property name="System/FileModifyDate" value="2021:02:06 16:42:48"/>
          <property name="System/FileSize" value="954713"/>
        </meta>
      </photo>
    </camera>
    <camera camera_id="15">
      <photo path="G:/Projets/2021/hazel/00-15.jpg">
        <meta>
          <property name="File/ImageHeight" value="1080"/>
          <property name="File/ImageWidth" value="1920"/>
          <property name="System/FileModifyDate" value="2021:02:06 16:45:05"/>
          <property name="System/FileSize" value="973200"/>
        </meta>
      </photo>
    </camera>
    <camera camera_id="16">
      <photo path="G:/Projets/2021/hazel/00-16.jpg">
        <meta>
          <property name="File/ImageHeight" value="1080"/>
          <property name="File/ImageWidth" value="1920"/>
          <property name="System/FileModifyDate" value="2021:02:06 16:45:09"/>
          <property name="System/FileSize" value="984778"/>
        </meta>
      </photo>
    </camera>
    <camera camera_id="17">
      <photo path="G:/Projets/2021/hazel/00-17.jpg">
        <meta>
          <property name="File/ImageHeight" value="1080"/>
          <property name="File/ImageWidth" value="1920"/>
          <property name="System/FileModifyDate" value="2021:02:06 16:45:14"/>
          <property name="System/FileSize" value="985462"/>
        </meta>
      </photo>
    </camera>
    <camera camera_id="18">
      <photo path="G:/Projets/2021/hazel/00-18.jpg">
        <meta>
          <property name="File/ImageHeight" value="1080"/>
          <property name="File/ImageWidth" value="1920"/>
          <property name="System/FileModifyDate" value="2021:02:06 16:45:19"/>
          <property name="System/FileSize" value="983605"/>
        </meta>
      </photo>
    </camera>
    <camera camera_id="19">
      <photo path="G:/Projets/2021/hazel/00-19.jpg">
        <meta>
          <property name="File/ImageHeight" value="1080"/>
          <property name="File/ImageWidth" value="1920"/>
          <property name="System/FileModifyDate" value="2021:02:06 16:45:23"/>
          <property name="System/FileSize" value="972568"/>
        </meta>
      </photo>
    </camera>
    <camera camera_id="21">
      <photo path="G:/Projets/2021/hazel/00-20.jpg">
        <meta>
          <property name="File/ImageHeight" value="1080"/>
          <property name="File/ImageWidth" value="1920"/>
          <property name="System/FileModifyDate" value="2021:02:06 16:42:59"/>
          <property name="System/FileSize" value="985479"/>
        </meta>
      </photo>
    </camera>
    <camera camera_id="22">
      <photo path="G:/Projets/2021/hazel/00-21.jpg">
        <meta>
          <property name="File/ImageHeight" value="1080"/>
          <property name="File/ImageWidth" value="1920"/>
          <property name="System/FileModifyDate" value="2021:02:06 16:45:31"/>
          <property name="System/FileSize" value="975763"/>
        </meta>
      </photo>
    </camera>
    <camera camera_id="23">
      <photo path="G:/Projets/2021/hazel/00-22.jpg">
        <meta>
          <property name="File/ImageHeight" value="1080"/>
          <property name="File/ImageWidth" value="1920"/>
          <property name="System/FileModifyDate" value="2021:02:06 16:45:35"/>
          <property name="System/FileSize" value="984046"/>
        </meta>
      </photo>
    </camera>
    <camera camera_id="24">
      <photo path="G:/Projets/2021/hazel/00-23.jpg">
        <meta>
          <property name="File/ImageHeight" value="1080"/>
          <property name="File/ImageWidth" value="1920"/>
          <property name="System/FileModifyDate" value="2021:02:06 16:45:38"/>
          <property name="System/FileSize" value="984208"/>
        </meta>
      </photo>
    </camera>
    <camera camera_id="25">
      <photo path="G:/Projets/2021/hazel/00-24.jpg">
        <meta>
          <property name="File/ImageHeight" value="1080"/>
          <property name="File/ImageWidth" value="1920"/>
          <property name="System/FileModifyDate" value="2021:02:06 16:45:42"/>
          <property name="System/FileSize" value="986038"/>
        </meta>
      </photo>
    </camera>
    <camera camera_id="26">
      <photo path="G:/Projets/2021/hazel/00-25.jpg">
        <meta>
          <property name="File/ImageHeight" value="1080"/>
          <property name="File/ImageWidth" value="1920"/>
          <property name="System/FileModifyDate" value="2021:02:06 16:45:45"/>
          <property name="System/FileSize" value="982993"/>
        </meta>
      </photo>
    </camera>
    <camera camera_id="27">
      <photo path="G:/Projets/2021/hazel/00-26.jpg">
        <meta>
          <property name="File/ImageHeight" value="1080"/>
          <property name="File/ImageWidth" value="1920"/>
          <property name="System/FileModifyDate" value="2021:02:06 16:45:48"/>
          <property name="System/FileSize" value="955537"/>
        </meta>
      </photo>
    </camera>
    <camera camera_id="28">
      <photo path="G:/Projets/2021/hazel/00-27.jpg">
        <meta>
          <property name="File/ImageHeight" value="1080"/>
          <property name="File/ImageWidth" value="1920"/>
          <property name="System/FileModifyDate" value="2021:02:06 16:45:51"/>
          <property name="System/FileSize" value="924754"/>
        </meta>
      </photo>
    </camera>
    <camera camera_id="29">
      <photo path="G:/Projets/2021/hazel/00-28.jpg">
        <meta>
          <property name="File/ImageHeight" value="1080"/>
          <property name="File/ImageWidth" value="1920"/>
          <property name="System/FileModifyDate" value="2021:02:06 16:45:54"/>
          <property name="System/FileSize" value="954952"/>
        </meta>
      </photo>
    </camera>
    <camera camera_id="30">
      <photo path="G:/Projets/2021/hazel/00-29.jpg">
        <meta>
          <property name="File/ImageHeight" value="1080"/>
          <property name="File/ImageWidth" value="1920"/>
          <property name="System/FileModifyDate" value="2021:02:06 16:45:59"/>
          <property name="System/FileSize" value="980414"/>
        </meta>
      </photo>
    </camera>
    <camera camera_id="31">
      <photo path="G:/Projets/2021/hazel/00-30.jpg">
        <meta>
          <property name="File/ImageHeight" value="1080"/>
          <property name="File/ImageWidth" value="1920"/>
          <property name="System/FileModifyDate" value="2021:02:06 16:46:02"/>
          <property name="System/FileSize" value="990200"/>
        </meta>
      </photo>
    </camera>
  </cameras>
  <thumbnails path="thumbnails/thumbnails.zip"/>
  <point_cloud path="point_cloud.9/point_cloud.zip"/>
  <depth_maps id="0" path="depth_maps/depth_maps.zip"/>
  <dense_cloud id="0" path="dense_cloud.1/dense_cloud.zip"/>
  <model id="0" path="model/model.zip"/>
</frame>
