<?xml version="1.0" encoding="UTF-8"?>
<point_cloud version="1.2.0">
  <params>
    <dataType>uint8</dataType>
    <bands>
      <band label="Red"/>
      <band label="Green"/>
      <band label="Blue"/>
    </bands>
  </params>
  <tracks path="tracks.ply" count="8849"/>
  <points component_id="0" path="points0.ply" count="2855"/>
  <projections camera_id="0" path="p0.ply" count="774"/>
  <projections camera_id="1" path="p1.ply" count="807"/>
  <projections camera_id="2" path="p2.ply" count="724"/>
  <projections camera_id="3" path="p3.ply" count="529"/>
  <projections camera_id="4" path="p4.ply" count="178"/>
  <projections camera_id="5" path="p5.ply" count="454"/>
  <projections camera_id="6" path="p6.ply" count="646"/>
  <projections camera_id="7" path="p7.ply" count="781"/>
  <projections camera_id="8" path="p8.ply" count="821"/>
  <projections camera_id="9" path="p9.ply" count="727"/>
  <projections camera_id="10" path="p10.ply" count="849"/>
  <projections camera_id="11" path="p11.ply" count="805"/>
  <projections camera_id="12" path="p12.ply" count="739"/>
  <projections camera_id="14" path="p14.ply" count="965"/>
  <projections camera_id="15" path="p15.ply" count="1042"/>
  <projections camera_id="16" path="p16.ply" count="1048"/>
  <projections camera_id="17" path="p17.ply" count="1106"/>
  <projections camera_id="18" path="p18.ply" count="1077"/>
  <projections camera_id="19" path="p19.ply" count="857"/>
  <projections camera_id="21" path="p21.ply" count="765"/>
  <projections camera_id="22" path="p22.ply" count="945"/>
  <projections camera_id="23" path="p23.ply" count="1059"/>
  <projections camera_id="24" path="p24.ply" count="1113"/>
  <projections camera_id="25" path="p25.ply" count="990"/>
  <projections camera_id="26" path="p26.ply" count="967"/>
  <projections camera_id="27" path="p27.ply" count="916"/>
  <projections camera_id="28" path="p28.ply" count="767"/>
  <projections camera_id="29" path="p29.ply" count="767"/>
  <projections camera_id="30" path="p30.ply" count="837"/>
  <projections camera_id="31" path="p31.ply" count="625"/>
  <keypoints>
    <block path="points0.zip"/>
    <block path="points1.zip"/>
    <block path="points2.zip"/>
    <block path="points3.zip"/>
  </keypoints>
  <meta>
    <property name="Info/LastSavedDateTime" value="2021:02:07 00:40:05"/>
    <property name="Info/LastSavedSoftwareVersion" value="1.7.1.11797"/>
    <property name="Info/OriginalDateTime" value="2021:02:07 00:03:11"/>
    <property name="Info/OriginalSoftwareVersion" value="1.7.1.11797"/>
    <property name="MatchPhotos/cameras" value=""/>
    <property name="MatchPhotos/descriptor_type" value="binary"/>
    <property name="MatchPhotos/descriptor_version" value="1.1.0"/>
    <property name="MatchPhotos/downscale" value="0"/>
    <property name="MatchPhotos/duration" value="5.294"/>
    <property name="MatchPhotos/filter_stationary_points" value="false"/>
    <property name="MatchPhotos/generic_preselection" value="true"/>
    <property name="MatchPhotos/guided_matching" value="false"/>
    <property name="MatchPhotos/keep_keypoints" value="true"/>
    <property name="MatchPhotos/keypoint_limit" value="100000"/>
    <property name="MatchPhotos/max_workgroup_size" value="100"/>
    <property name="MatchPhotos/ram_used" value="64811008"/>
    <property name="MatchPhotos/reference_preselection" value="true"/>
    <property name="MatchPhotos/reference_preselection_mode" value="2"/>
    <property name="MatchPhotos/reset_matches" value="true"/>
    <property name="MatchPhotos/subdivide_task" value="true"/>
    <property name="MatchPhotos/tiepoint_limit" value="16000"/>
    <property name="MatchPhotos/workitem_size_cameras" value="20"/>
    <property name="MatchPhotos/workitem_size_pairs" value="80"/>
  </meta>
</point_cloud>
