<?xml version="1.0" encoding="UTF-8"?>
<keypoint_block version="1.2.0">
  <keypoints camera_id="1" path="c1.kpt"/>
  <keypoints camera_id="3" path="c3.kpt"/>
  <keypoints camera_id="5" path="c5.kpt"/>
  <keypoints camera_id="7" path="c7.kpt"/>
  <keypoints camera_id="9" path="c9.kpt"/>
  <keypoints camera_id="11" path="c11.kpt"/>
  <keypoints camera_id="14" path="c14.kpt"/>
  <keypoints camera_id="16" path="c16.kpt"/>
  <keypoints camera_id="18" path="c18.kpt"/>
  <keypoints camera_id="21" path="c21.kpt"/>
  <keypoints camera_id="23" path="c23.kpt"/>
  <keypoints camera_id="25" path="c25.kpt"/>
  <keypoints camera_id="27" path="c27.kpt"/>
  <keypoints camera_id="29" path="c29.kpt"/>
  <keypoints camera_id="31" path="c31.kpt"/>
</keypoint_block>
