<?xml version="1.0" encoding="UTF-8"?>
<dense_cloud version="1.2.0">
  <tiles>
    <tile path="dense_cloud.oc3">
      <totalCount>2649429</totalCount>
      <validCount>2649429</validCount>
      <pointCount class="0">2649429</pointCount>
      <hasPointNormals>true</hasPointNormals>
      <hasPointConfidence>true</hasPointConfidence>
    </tile>
  </tiles>
  <params>
    <dataType/>
    <bands/>
  </params>
  <meta>
    <property name="BuildDenseCloud/duration" value="20.609"/>
    <property name="BuildDenseCloud/keep_depth" value="true"/>
    <property name="BuildDenseCloud/max_neighbors" value="100"/>
    <property name="BuildDenseCloud/max_workgroup_size" value="100"/>
    <property name="BuildDenseCloud/point_colors" value="false"/>
    <property name="BuildDenseCloud/point_confidence" value="true"/>
    <property name="BuildDenseCloud/ram_used" value="1280503808"/>
    <property name="BuildDenseCloud/resolution" value="0.0012188311517096"/>
    <property name="BuildDenseCloud/subdivide_task" value="true"/>
    <property name="BuildDenseCloud/workitem_size_cameras" value="20"/>
    <property name="BuildDepthMaps/cameras" value=""/>
    <property name="BuildDepthMaps/downscale" value="1"/>
    <property name="BuildDepthMaps/duration" value="27.048"/>
    <property name="BuildDepthMaps/filter_mode" value="2"/>
    <property name="BuildDepthMaps/max_neighbors" value="-1"/>
    <property name="BuildDepthMaps/max_workgroup_size" value="100"/>
    <property name="BuildDepthMaps/ram_used" value="452026368"/>
    <property name="BuildDepthMaps/reuse_depth" value="false"/>
    <property name="BuildDepthMaps/subdivide_task" value="true"/>
    <property name="BuildDepthMaps/workitem_size_cameras" value="20"/>
    <property name="Info/LastSavedDateTime" value="2021:02:07 00:10:47"/>
    <property name="Info/LastSavedSoftwareVersion" value="1.7.1.11797"/>
    <property name="Info/OriginalDateTime" value="2021:02:07 00:10:47"/>
    <property name="Info/OriginalSoftwareVersion" value="1.7.1.11797"/>
  </meta>
</dense_cloud>
