<?xml version="1.0" encoding="UTF-8"?>
<model version="1.2.0">
  <mesh path="mesh.ply">
    <faceCount>52030</faceCount>
    <vertexCount>26222</vertexCount>
    <hasVertexColors>false</hasVertexColors>
    <hasVertexConfidence>false</hasVertexConfidence>
    <hasUV>false</hasUV>
  </mesh>
  <params>
    <dataType>uint8</dataType>
    <bands>
      <band label="Red"/>
      <band label="Green"/>
      <band label="Blue"/>
    </bands>
    <color>#ff8080b0</color>
  </params>
  <meta>
    <property name="BuildDepthMaps/cameras" value=""/>
    <property name="BuildDepthMaps/downscale" value="1"/>
    <property name="BuildDepthMaps/duration" value="27.048"/>
    <property name="BuildDepthMaps/filter_mode" value="2"/>
    <property name="BuildDepthMaps/max_neighbors" value="-1"/>
    <property name="BuildDepthMaps/max_workgroup_size" value="100"/>
    <property name="BuildDepthMaps/ram_used" value="452026368"/>
    <property name="BuildDepthMaps/reuse_depth" value="false"/>
    <property name="BuildDepthMaps/subdivide_task" value="true"/>
    <property name="BuildDepthMaps/workitem_size_cameras" value="20"/>
    <property name="BuildModel/cameras" value=""/>
    <property name="BuildModel/classes" value=""/>
    <property name="BuildModel/duration" value="66.497"/>
    <property name="BuildModel/face_count" value="1"/>
    <property name="BuildModel/face_count_custom" value="200000"/>
    <property name="BuildModel/interpolation" value="2"/>
    <property name="BuildModel/keep_depth" value="true"/>
    <property name="BuildModel/max_workgroup_size" value="100"/>
    <property name="BuildModel/ram_used" value="1475723264"/>
    <property name="BuildModel/resolution" value="0.0012188311517096"/>
    <property name="BuildModel/source_data" value="1"/>
    <property name="BuildModel/subdivide_task" value="true"/>
    <property name="BuildModel/surface_type" value="0"/>
    <property name="BuildModel/trimming_radius" value="10"/>
    <property name="BuildModel/vertex_colors" value="true"/>
    <property name="BuildModel/vertex_confidence" value="true"/>
    <property name="BuildModel/volumetric_masks" value="false"/>
    <property name="BuildModel/workitem_size_cameras" value="20"/>
    <property name="Info/LastSavedDateTime" value="2021:02:07 00:40:05"/>
    <property name="Info/LastSavedSoftwareVersion" value="1.7.1.11797"/>
    <property name="Info/OriginalDateTime" value="2021:02:07 00:24:20"/>
    <property name="Info/OriginalSoftwareVersion" value="1.7.1.11797"/>
  </meta>
</model>
