<?xml version="1.0" encoding="UTF-8"?>
<keypoint_block version="1.2.0">
  <keypoints camera_id="0" preselection="true" path="s0.kpt"/>
  <keypoints camera_id="2" preselection="true" path="s2.kpt"/>
  <keypoints camera_id="4" preselection="true" path="s4.kpt"/>
  <keypoints camera_id="6" preselection="true" path="s6.kpt"/>
  <keypoints camera_id="8" preselection="true" path="s8.kpt"/>
  <keypoints camera_id="10" preselection="true" path="s10.kpt"/>
  <keypoints camera_id="12" preselection="true" path="s12.kpt"/>
  <keypoints camera_id="15" preselection="true" path="s15.kpt"/>
  <keypoints camera_id="17" preselection="true" path="s17.kpt"/>
  <keypoints camera_id="19" preselection="true" path="s19.kpt"/>
  <keypoints camera_id="22" preselection="true" path="s22.kpt"/>
  <keypoints camera_id="24" preselection="true" path="s24.kpt"/>
  <keypoints camera_id="26" preselection="true" path="s26.kpt"/>
  <keypoints camera_id="28" preselection="true" path="s28.kpt"/>
  <keypoints camera_id="30" preselection="true" path="s30.kpt"/>
</keypoint_block>
