<?xml version="1.0" encoding="UTF-8"?>
<document version="1.2.0">
  <chunks next_id="5" active_id="4">
    <chunk id="4" path="4/chunk.zip"/>
  </chunks>
  <meta>
    <property name="Info/LastSavedDateTime" value="2021:02:07 00:40:06"/>
    <property name="Info/LastSavedSoftwareVersion" value="1.7.1.11797"/>
    <property name="Info/OriginalDateTime" value="2021:02:06 21:51:19"/>
    <property name="Info/OriginalSoftwareName" value="Agisoft Metashape"/>
    <property name="Info/OriginalSoftwareVendor" value="Agisoft"/>
    <property name="Info/OriginalSoftwareVersion" value="1.7.1.11797"/>
  </meta>
</document>
