<?xml version="1.0" encoding="UTF-8"?>
<keypoint_block version="1.2.0">
  <keypoints camera_id="0" path="c0.kpt"/>
  <keypoints camera_id="2" path="c2.kpt"/>
  <keypoints camera_id="4" path="c4.kpt"/>
  <keypoints camera_id="6" path="c6.kpt"/>
  <keypoints camera_id="8" path="c8.kpt"/>
  <keypoints camera_id="10" path="c10.kpt"/>
  <keypoints camera_id="12" path="c12.kpt"/>
  <keypoints camera_id="15" path="c15.kpt"/>
  <keypoints camera_id="17" path="c17.kpt"/>
  <keypoints camera_id="19" path="c19.kpt"/>
  <keypoints camera_id="22" path="c22.kpt"/>
  <keypoints camera_id="24" path="c24.kpt"/>
  <keypoints camera_id="26" path="c26.kpt"/>
  <keypoints camera_id="28" path="c28.kpt"/>
  <keypoints camera_id="30" path="c30.kpt"/>
</keypoint_block>
