<?xml version="1.0" encoding="UTF-8"?>
<keypoint_block version="1.2.0">
  <keypoints camera_id="1" preselection="true" path="s1.kpt"/>
  <keypoints camera_id="3" preselection="true" path="s3.kpt"/>
  <keypoints camera_id="5" preselection="true" path="s5.kpt"/>
  <keypoints camera_id="7" preselection="true" path="s7.kpt"/>
  <keypoints camera_id="9" preselection="true" path="s9.kpt"/>
  <keypoints camera_id="11" preselection="true" path="s11.kpt"/>
  <keypoints camera_id="14" preselection="true" path="s14.kpt"/>
  <keypoints camera_id="16" preselection="true" path="s16.kpt"/>
  <keypoints camera_id="18" preselection="true" path="s18.kpt"/>
  <keypoints camera_id="21" preselection="true" path="s21.kpt"/>
  <keypoints camera_id="23" preselection="true" path="s23.kpt"/>
  <keypoints camera_id="25" preselection="true" path="s25.kpt"/>
  <keypoints camera_id="27" preselection="true" path="s27.kpt"/>
  <keypoints camera_id="29" preselection="true" path="s29.kpt"/>
  <keypoints camera_id="31" preselection="true" path="s31.kpt"/>
</keypoint_block>
